{
  "hash": "e7c0de30",
  "configHash": "f5429bae",
  "lockfileHash": "a21b226c",
  "browserHash": "898f6bc1",
  "optimized": {
    "@angular/core": {
      "src": "../../../../../../node_modules/@angular/core/fesm2022/core.mjs",
      "file": "@angular_core.js",
      "fileHash": "36b367f8",
      "needsInterop": false
    },
    "@angular/platform-browser": {
      "src": "../../../../../../node_modules/@angular/platform-browser/fesm2022/platform-browser.mjs",
      "file": "@angular_platform-browser.js",
      "fileHash": "e5807a58",
      "needsInterop": false
    },
    "@angular/router": {
      "src": "../../../../../../node_modules/@angular/router/fesm2022/router.mjs",
      "file": "@angular_router.js",
      "fileHash": "73f2d1d7",
      "needsInterop": false
    }
  },
  "chunks": {
    "chunk-MI5S4CBX": {
      "file": "chunk-MI5S4CBX.js"
    },
    "chunk-RO37OISA": {
      "file": "chunk-RO37OISA.js"
    }
  }
}